{"planos" : {
	  "Ameplan (Assistência Médica Planejada)":"Ameplan (Assistência Médica Planejada)",
	  "Alice":"Alice",
	  "Allianz":"Allianz",
	  "Amil - DIX - Medial - One Health":"Amil / DIX / Medial / One Health",
	  "Assim Saúde":"Assim Saúde",
	  "BioVida":"BioVida",
	  "Bradesco":"Bradesco",
	  "Care Plus":"Care Plus",
	  "CCG - centro clínico gaúcho":"CCG  (centro clínico gaúcho)",
	  "Clinipam":"Clinipam",
	  "E-vida":"E-vida",
      "Golden Cross - Vision Med":"Golden Cross / Vision Med",
	  "GreenLine":"GreenLine",
	  "Hapvida - São Francisco":"Hapvida/ São Francisco",
	  "Ipasgo":"Ipasgo",
	  "NotreDame Intermédica":"NotreDame Intermédica",
	  "Omint":"Omint",
	  "Porto Seguros - Itaú Saúde":"Porto Seguros / Itaú Saúde",
	  "Prevent Senior":"Prevent Senior",
	  "Pró Médica":"Pró Médica",
	  "Sami":"Sami",
	  "Saúde Caixa - Caixa Seguros - Rede Gama":"Saúde Caixa / Caixa Seguros /Rede Gama",
	  "Saúde Sim":"Saúde Sim",
	  "Sompo Saúde - Marítima":"Sompo Saúde / Marítima",
	  "SulAmérica":"SulAmérica",
	  "Trasmontano":"Trasmontano",
	  "Unimed":"Unimed",
	  "CNU (Central Nacional Unimed)":"CNU (Central Nacional Unimed)",
	  "Seguros Unimed":"Seguros Unimed",
	  "Qsaúde":"Qsaúde",
	  "Vitallis":"Vitallis",
	  "NA (Não Aplicável)":"NA (Não Aplicável)"
	}
}